{
  "project_info": {
    "project_number": "527646306686",
    "firebase_url": "https://moviefirestore.firebaseio.com",
    "project_id": "moviefirestore",
    "storage_bucket": "moviefirestore.appspot.com"
  },
  "client": [
    {
      "client_info": {
        "mobilesdk_app_id": "1:527646306686:android:85c8f126dda0145c50432f",
        "android_client_info": {
          "package_name": "com.example.hm4moviedatabase"
        }
      },
      "oauth_client": [
        {
          "client_id": "527646306686-tl6rs43ijd4gun15s520ii466sv5r774.apps.googleusercontent.com",
          "client_type": 3
        }
      ],
      "api_key": [
        {
          "current_key": "AIzaSyDAZg8rjKKP_Ac4Yr-YB3ikakZjAEHgVkI"
        }
      ],
      "services": {
        "appinvite_service": {
          "other_platform_oauth_client": [
            {
              "client_id": "527646306686-tl6rs43ijd4gun15s520ii466sv5r774.apps.googleusercontent.com",
              "client_type": 3
            }
          ]
        }
      }
    }
  ],
  "configuration_version": "1"
}